guid,order_date,revenue,profit,customer_name,product_category,expenditure,sales_rep
7882,31.07.2012,257,-2172,Steven Roelle,Office Supplies,2429,Nerea Schroeder
563,16.09.2012,222,-1846,Tanja Norvell,Office Supplies,2068,Cameron Nixon
1944,08.07.2012,220,-1796,Ed Braxton,Office Supplies,2016,Colton Curtis
574,18.08.2012,218,-1643,Christopher Martinez,Office Supplies,1861,Aidan Bradford
8320,08.01.2012,183,-1368,Justin Ellison,Office Supplies,1551,Moses Roman
1297,07.06.2012,317,-542,Maribeth Dona,Technology,859,Ella Valentine
5108,12.10.2012,330,-541,Sylvia Foulston,Technology,871,Hamish Guzman
3741,27.12.2012,87,-475,Roland Black,Office Supplies,562,Lee Velasquez
8150,10.09.2012,282,-435,Logan Haushalter,Technology,716,Dean Mejia
582,26.03.2012,325,-427,Christina DeMoss,Office Supplies,751,Nerea Schroeder
7285,11.01.2012,172,-343,Allen Rosenblatt,Technology,515,Hyacinth Miranda
3062,12.07.2012,236,-340,Patrick Jones,Technology,576,Xerxes Phelps
6921,22.08.2012,375,-332,Laura Armstrong,Office Supplies,707,Nora Pratt
290,05.05.2012,295,-322,Sam Craven,Technology,617,Jackson Booker
609,09.02.2012,382,-319,Alyssa Tate,Office Supplies,701,Shannon Guthrie
5173,04.08.2012,103,-316,Ralph Kennedy,Technology,419,Ima Sawyer
2441,13.04.2012,369,-306,Mark Cousins,Office Supplies,675,Lee Velasquez
7293,18.02.2012,93,-300,Charles Crestani,Technology,394,Callum Church
7272,06.03.2012,95,-298,Victor Price,Technology,393,Brady Pratt
2717,20.01.2012,172,-296,Jack Lebron,Technology,468,Jamal Sims
53,18.03.2012,281,-292,Giulietta Weimer,Office Supplies,573,Nicole Mccullough
926,27.06.2012,295,-280,Natalie Webber,Office Supplies,575,Ezra Woodward
4558,09.12.2012,278,-277,Ann Steele,Office Supplies,554,Tamara Leach
4578,19.08.2012,317,-277,Yoseph Carroll,Office Supplies,594,Carol Solomon
1514,13.08.2012,193,-264,Dan Campbell,Office Supplies,457,Gemma Monroe
8016,31.01.2012,300,-261,Dennis Pardue,Office Supplies,561,Nomlanga King
2367,12.03.2012,236,-259,Dave Hallsten,Office Supplies,495,Flynn Carney
7164,09.02.2012,61,-258,Eric Murdock,Technology,319,Kelly Rivera
6572,05.07.2012,326,-255,Meg O'Connel,Office Supplies,581,Brady Pratt
3293,11.12.2012,284,-255,Adam Hart,Technology,539,Callum Church
7797,10.11.2012,66,-252,Roy Skaria,Technology,318,Ella Valentine
7127,04.10.2012,307,-249,Larry Tron,Office Supplies,557,Ginger Haley
299,07.06.2012,344,-247,Katrina Willman,Office Supplies,590,Curran Lewis
7030,30.05.2012,290,-246,Odella Nelson,Furniture,536,Nola Kline
1855,15.11.2012,268,-241,Doug Bickford,Office Supplies,509,Gavin Walton
5207,29.09.2012,265,-237,Christine Abelman,Office Supplies,502,Ifeoma Chapman
3165,07.12.2012,239,-235,Barry Weirich,Office Supplies,474,Yvonne Wilkins
3421,06.06.2012,108,-235,Katherine Nockton,Technology,342,Nora Pratt
960,26.03.2012,187,-225,Dianna Arnett,Technology,413,Calista Britt
1334,22.01.2012,203,-222,Todd Boyes,Technology,424,Olivia Bowers
4720,03.04.2012,153,-219,John Lee,Office Supplies,372,Moses Roman
5305,08.02.2012,170,-211,Alan Haines,Office Supplies,381,Whilemina Sloan
1286,31.10.2012,338,-211,Darren Budd,Furniture,548,Lyle Avery
483,22.08.2012,214,-208,Michael Granlund,Office Supplies,422,Sierra Lane
8163,09.07.2012,272,-206,Doug Bickford,Office Supplies,479,Cameron Nixon
1449,28.03.2012,225,-206,Raymond Book,Furniture,431,Kendall Gilbert
2609,16.12.2012,204,-205,Thea Hudgings,Office Supplies,409,Shannon Guthrie
7730,10.10.2012,387,-205,Doug Bickford,Technology,592,Nola Kline
28,04.04.2012,329,-197,Maria Zettner,Furniture,526,Cally Sargent
476,02.11.2012,159,-197,Raymond Book,Office Supplies,356,Stacy Melendez
2630,11.04.2012,271,-191,Rob Dowd,Office Supplies,462,Nola Kline
1162,15.08.2012,219,-188,Christine Phan,Office Supplies,407,Xerxes Phelps
7458,04.12.2012,228,-186,Roy Skaria,Office Supplies,414,Tamara Leach
2344,15.06.2012,380,-183,Sally Hughsby,Furniture,563,Colton Curtis
7696,26.10.2012,261,-183,Jennifer Jackson,Office Supplies,443,Paki Livingston
2752,08.06.2012,310,-183,Mathew Reese,Office Supplies,493,Vaughan Doyle
6662,31.05.2012,277,-179,Brian DeCherney,Office Supplies,456,Xerxes Phelps
4060,09.10.2012,231,-174,Saphhira Shifley,Office Supplies,405,Calista Britt
4523,18.02.2012,159,-171,Brooke Gillingham,Technology,330,Alfonso Carrillo
7745,16.03.2012,116,-167,Shahid Collister,Office Supplies,283,Christine Guerra
7141,30.12.2012,391,-167,Tony Molinari,Furniture,558,Lee Velasquez
8370,12.12.2012,173,-166,Julia Barnett,Office Supplies,340,Deborah Kent
95,20.10.2012,263,-166,Sheri Gordon,Office Supplies,429,Oren Day
8306,04.12.2012,214,-165,Cari MacIntyre,Furniture,380,Kellie Cervantes
2218,05.01.2012,169,-165,Harold Dahlen,Office Supplies,334,Raya Andrews
6060,29.12.2012,179,-165,Quincy Jones,Office Supplies,344,Calista Britt
4634,16.09.2012,226,-165,Tonja Turnell,Office Supplies,391,Olivia Bowers
6575,29.03.2012,174,-163,Caroline Jumper,Office Supplies,337,Ciara Gilliam
3756,08.01.2012,251,-162,Dionis Lloyd,Office Supplies,414,Hermione Gilbert
788,15.08.2012,282,-162,Nick Radford,Furniture,443,Autumn Leblanc
6188,10.06.2012,153,-161,Mick Hernandez,Office Supplies,314,Autumn Leblanc
6821,01.12.2012,317,-161,Sandra Glassco,Office Supplies,478,Nora Pratt
4272,10.07.2012,305,-161,Emily Grady,Office Supplies,466,Brady Pratt
7515,17.05.2012,112,-160,Steve Carroll,Office Supplies,272,Oliver Barry
6580,28.01.2012,220,-158,Sean Braxton,Technology,378,Carla Williamson
289,14.03.2012,186,-157,Alan Hwang,Office Supplies,344,Price Martin
6333,22.08.2012,283,-155,Sonia Cooley,Office Supplies,438,Medge Ballard
8326,31.10.2012,170,-154,Jill Fjeld,Office Supplies,324,Ezra Woodward
7900,11.02.2012,187,-153,Shirley Daniels,Office Supplies,340,Arden Griffith
4277,07.07.2012,121,-152,Dave Hallsten,Office Supplies,273,Kermit Walsh
3770,10.12.2012,155,-152,Mick Crebagga,Office Supplies,307,Deborah Kent
541,02.06.2012,96,-151,Karl Brown,Furniture,247,Lee Velasquez
766,24.03.2012,356,-149,Shahid Hopkins,Office Supplies,505,Uma Ingram
834,21.04.2012,205,-149,Filia McAdams,Technology,354,Olivia Bowers
5441,10.08.2012,163,-148,John Castell,Office Supplies,311,Lee Velasquez
3078,09.03.2012,266,-148,Gary Hwang,Office Supplies,413,Carol Solomon
7524,29.12.2012,182,-145,Shirley Schmidt,Office Supplies,327,Claire Davidson
2930,15.03.2012,318,-144,Harold Engle,Furniture,462,Nola Kline
1726,18.02.2012,299,-143,Ed Braxton,Office Supplies,442,Ezra Woodward
4048,05.04.2012,204,-142,Anna Andreadi,Office Supplies,347,Francesca Ayers
5387,14.04.2012,62,-142,Jack Lebron,Office Supplies,204,Wyatt Howard
646,12.09.2012,283,-141,Roy Skaria,Office Supplies,424,Wyatt Conner
7551,31.01.2012,271,-140,Jennifer Ferguson,Office Supplies,411,Ila Hunt
8142,06.12.2012,144,-140,Patrick O'Donnell,Office Supplies,284,Yvette Sargent
2031,20.05.2012,214,-139,Sung Pak,Office Supplies,353,Holly Rice
5785,26.03.2012,138,-139,Dario Medina,Technology,276,Hyacinth Miranda
2505,01.04.2012,83,-138,Roy Collins,Office Supplies,221,Whilemina Sloan
4752,27.06.2012,268,-138,Joel Eaton,Office Supplies,405,Vaughan Doyle
5753,26.11.2012,324,-137,Adrian Shami,Furniture,461,Nicole Mccullough
8304,04.12.2012,128,-136,Cari MacIntyre,Office Supplies,264,Logan Le
1818,04.12.2012,210,-135,Sarah Brown,Office Supplies,345,Raya Andrews
7590,08.01.2012,198,-134,Lauren Leatherbury,Office Supplies,333,Jackson Booker
21,07.05.2012,236,-134,Roy Collins,Office Supplies,371,Nora Pratt
5245,05.06.2012,171,-134,Luke Weiss,Office Supplies,304,Christine Guerra
1092,24.04.2012,118,-134,Michelle Ellison,Office Supplies,252,Alexandra Christian
3709,30.07.2012,350,-133,Arthur Prichep,Office Supplies,483,Shannon Guthrie
5883,27.01.2012,247,-133,Erica Smith,Furniture,381,Sierra Lane
291,05.05.2012,247,-133,Sam Craven,Office Supplies,379,Zachary Wells
679,06.07.2012,343,-132,Anthony O'Donnell,Furniture,475,Rhea Tyson
6840,30.10.2012,133,-131,Erica Hernandez,Office Supplies,264,Macy Beasley
5621,02.02.2012,314,-131,Tonja Turnell,Office Supplies,445,Nora Pratt
1528,13.05.2012,306,-130,Fred McMath,Office Supplies,435,Cally Sargent
2724,11.09.2012,125,-130,Edward Nazzal,Office Supplies,255,Claire Davidson
432,18.09.2012,197,-129,Nora Price,Office Supplies,326,Ina Osborn
538,27.05.2012,140,-129,Denise Monton,Office Supplies,269,Angelica Wiley
1298,07.06.2012,155,-128,Maribeth Dona,Technology,283,Magee Padilla
683,13.12.2012,136,-126,Christy Brittain,Furniture,262,Sierra Lane
258,20.11.2012,183,-125,Deanra Eno,Office Supplies,309,Tamara Leach
5111,27.01.2012,208,-125,Robert Marley,Office Supplies,333,Marvin Thompson
5224,04.03.2012,132,-123,Carol Triggs,Office Supplies,255,Claire Davidson
5647,07.06.2012,202,-123,Rick Wilson,Technology,324,Jolie Hardy
5008,23.10.2012,135,-122,Steve Nguyen,Office Supplies,257,Hamish Guzman
3740,27.12.2012,173,-122,Roland Black,Office Supplies,295,Macy Beasley
6718,11.08.2012,241,-120,Hilary Holden,Office Supplies,361,Raya Andrews
5472,17.08.2012,256,-120,Edward Hooks,Office Supplies,376,Brady Pratt
1572,10.09.2012,63,-120,Hilary Holden,Office Supplies,183,Brady Pratt
2736,18.12.2012,64,-119,Harold Pawlan,Technology,183,Devin Ayala
5674,02.05.2012,222,-119,Katherine Murray,Office Supplies,342,Aidan Bradford
6513,24.04.2012,166,-119,Cynthia Voltz,Office Supplies,285,Michael Irwin
2221,16.05.2012,121,-119,Michelle Lonsdale,Technology,240,Nora Pratt
5447,12.02.2012,326,-119,Duane Noonan,Office Supplies,445,Jolie Hardy
520,23.10.2012,137,-118,Logan Haushalter,Office Supplies,255,Moses Roman
7196,04.10.2012,237,-118,Theone Pippenger,Office Supplies,355,Paki Livingston
7861,25.10.2012,144,-117,Michelle Arnett,Office Supplies,261,Katelyn Brady
863,21.07.2012,255,-117,Grant Carroll,Office Supplies,372,Cameron Nixon
5390,05.10.2012,347,-116,Julie Creighton,Technology,463,Jackson Booker
3197,02.02.2012,122,-115,Pete Takahito,Office Supplies,237,Ella Valentine
8165,30.08.2012,321,-114,Allen Armold,Office Supplies,435,Yvonne Wilkins
5068,13.09.2012,395,-114,Lindsay Shagiari,Technology,509,Abdul Sullivan
2955,12.01.2012,146,-113,Andy Reiter,Office Supplies,259,Gavin Walton
4147,06.04.2012,68,-113,Naresj Patel,Office Supplies,180,Jolie Hardy
4041,31.03.2012,184,-112,Phillip Flathmann,Office Supplies,297,Lee Velasquez
4392,23.11.2012,165,-112,Michelle Lonsdale,Technology,277,Alexandra Christian
172,20.05.2012,269,-112,Muhammed Yedwab,Technology,381,Brady Pratt
4153,15.02.2012,206,-112,Katrina Willman,Technology,318,Nicole Mccullough
1386,10.01.2012,163,-110,Craig Molinari,Technology,272,Lyle Avery
5843,23.01.2012,221,-108,Tom Stivers,Office Supplies,329,Louis Raymond
4081,16.01.2012,380,-108,Muhammed Lee,Office Supplies,489,Britanney Castaneda
1178,14.04.2012,72,-108,Roy Phan,Technology,180,Carol Solomon
1284,09.08.2012,131,-108,Michelle Tran,Office Supplies,239,Miranda Wolfe
7931,25.10.2012,206,-107,Dave Kipp,Office Supplies,314,Holly Rice
4887,28.05.2012,251,-107,Neoma Murray,Office Supplies,358,Wyatt Howard
3648,16.10.2012,229,-107,Patrick Ryan,Office Supplies,336,Francesca Ayers
1577,06.08.2012,110,-107,Nathan Gelder,Office Supplies,216,Kermit Walsh
8121,20.03.2012,257,-107,Pauline Chand,Technology,363,Nora Pratt
6742,26.01.2012,183,-107,Darren Budd,Technology,290,Yvette Sargent
1911,24.02.2012,283,-106,Jill Fjeld,Furniture,389,Marvin Thompson
1545,21.10.2012,183,-106,Lisa Hazard,Furniture,289,Christine Guerra
3307,21.12.2012,286,-105,Nora Paige,Furniture,391,Ifeoma Chapman
2072,09.01.2012,279,-104,Michael Dominguez,Technology,383,Brady Pratt
7175,13.04.2012,170,-104,Jim Epp,Office Supplies,275,Ciara Gilliam
5766,27.05.2012,95,-104,Jenna Caffey,Office Supplies,199,Uma Ingram
3744,10.05.2012,254,-104,Giulietta Weimer,Office Supplies,358,Colton Curtis
518,22.09.2012,269,-104,George Zrebassa,Office Supplies,373,Raya Andrews
3717,20.03.2012,142,-103,Candace McMahon,Office Supplies,245,Jamal Sims
1836,11.02.2012,39,-102,Deanra Eno,Technology,141,Devin Ayala
145,01.10.2012,228,-100,Luke Foster,Technology,328,Christine Guerra
3426,09.07.2012,393,-100,Kristina Nunn,Furniture,493,Ezra Woodward
3033,06.05.2012,41,-100,Vivek Grady,Technology,141,Medge Ballard
390,23.01.2012,145,-98,Thais Sissman,Technology,244,Jackson Booker
7574,25.01.2012,159,-98,Maria Bertelson,Office Supplies,257,Aidan Bradford
548,16.01.2012,107,-98,Mike Vittorini,Office Supplies,205,Francesca Ayers
6147,23.05.2012,295,-97,Anna Andreadi,Office Supplies,393,Jolie Hardy
7062,12.05.2012,265,-97,Katherine Ducich,Office Supplies,362,Xerxes Phelps
5762,29.07.2012,273,-97,Darrin Van Huff,Technology,370,Xerxes Phelps
5820,16.09.2012,261,-97,Lena Hernandez,Office Supplies,358,Moses Roman
1277,23.02.2012,200,-97,Alan Hwang,Office Supplies,296,Kermit Walsh
5903,21.07.2012,210,-96,Muhammed Lee,Office Supplies,306,Cameron Mcfarland
904,13.01.2012,237,-96,Arianne Irving,Office Supplies,333,Logan Le
7395,29.07.2012,113,-95,Jonathan Doherty,Office Supplies,208,Oren Day
3364,22.08.2012,128,-95,Frank Atkinson,Office Supplies,224,Kelly Rivera
1549,30.03.2012,222,-95,Janet Molinari,Technology,317,Kendall Gilbert
805,28.04.2012,164,-95,Jessica Myrick,Office Supplies,259,Whilemina Sloan
3267,29.05.2012,242,-95,Robert Dilbeck,Office Supplies,337,Flynn Carney
621,02.10.2012,274,-95,Lela Donovan,Office Supplies,369,Nora Pratt
1455,04.05.2012,247,-95,Khloe Miller,Furniture,342,Gavin Walton
5615,20.09.2012,82,-95,Sally Knutson,Office Supplies,177,Oliver Barry
6993,17.03.2012,242,-95,Toby Carlisle,Office Supplies,337,Callum Church
4444,07.11.2012,212,-94,Steve Chapman,Office Supplies,306,Colton Curtis
1815,15.01.2012,291,-94,Fred McMath,Office Supplies,384,Oliver Barry
5754,26.11.2012,176,-93,Adrian Shami,Technology,269,Aileen Kirk
7165,14.09.2012,132,-93,Sean O'Donnell,Office Supplies,225,Yvonne Wilkins
7528,30.01.2012,265,-93,Sandra Flanagan,Office Supplies,358,Cally Sargent
4270,03.05.2012,71,-93,Christina Anderson,Office Supplies,164,Deborah Kent
3020,06.12.2012,121,-93,Xylona Price,Office Supplies,214,Moses Roman
3126,29.08.2012,141,-92,Allen Golden,Office Supplies,233,Ezra Woodward
6690,02.01.2012,279,-92,Dario Medina,Office Supplies,372,Jackson Booker
1335,22.01.2012,134,-92,Todd Boyes,Office Supplies,226,Riley Finley
8380,28.05.2012,250,-92,Ivan Gibson,Office Supplies,341,Carla Williamson
3954,19.12.2012,163,-91,Kean Thornton,Office Supplies,255,Aileen Kirk
4713,16.12.2012,266,-91,Ken Heidel,Office Supplies,357,Michael Irwin
1138,20.06.2012,198,-91,Gary Hwang,Technology,288,Angelica Wiley
3453,16.07.2012,247,-90,Jasper Cacioppo,Office Supplies,337,Nicole Mccullough
4808,17.10.2012,336,-90,Karen Ferguson,Furniture,426,Hamish Guzman
5724,19.08.2012,224,-90,Bill Eplett,Office Supplies,314,Claire Davidson
7563,07.01.2012,197,-89,Brian Moss,Office Supplies,287,Cameron Nixon
5055,16.08.2012,95,-89,Alex Russell,Office Supplies,184,Gavin Walton
3759,12.06.2012,64,-89,Russell Applegate,Office Supplies,153,Willa Hopkins
8129,01.02.2012,363,-89,Anemone Ratner,Office Supplies,452,Eliana Pollard
2767,30.01.2012,142,-89,Shirley Schmidt,Technology,231,Flynn Carney
2452,30.06.2012,79,-89,Michelle Arnett,Office Supplies,168,Vaughan Doyle
8394,11.01.2012,275,-87,Ed Braxton,Office Supplies,362,Jelani Maddox
3115,28.03.2012,233,-86,Candace McMahon,Office Supplies,319,Oliver Barry
5677,23.02.2012,347,-86,Hunter Glantz,Office Supplies,434,Kermit Walsh
8081,22.04.2012,100,-86,Christy Brittain,Office Supplies,186,Britanney Castaneda
5222,22.09.2012,172,-85,Anthony O'Donnell,Office Supplies,257,James Shepard
4375,18.08.2012,169,-84,Sally Hughsby,Technology,253,Ciara Gilliam
2162,23.03.2012,387,-84,Carlos Meador,Technology,471,Xerxes Phelps
3985,06.08.2012,157,-84,Sean O'Donnell,Office Supplies,241,Hyacinth Miranda
3735,03.08.2012,270,-83,Liz Thompson,Office Supplies,354,Riley Finley
8188,12.11.2012,103,-83,Benjamin Farhat,Office Supplies,186,Autumn Leblanc
1642,09.09.2012,40,-82,Tracy Poddar,Technology,122,Yvette Sargent
8349,13.10.2012,191,-82,Bill Donatelli,Office Supplies,273,Kendall Gilbert
2179,04.12.2012,103,-82,Natalie Webber,Furniture,185,Rhea Tyson
3745,10.05.2012,128,-80,Giulietta Weimer,Office Supplies,208,Christine Guerra
7562,07.01.2012,114,-80,Brian Moss,Office Supplies,194,Xerxes Phelps
3365,22.08.2012,121,-79,Frank Atkinson,Office Supplies,200,Yvonne Wilkins
7326,04.08.2012,377,-79,Maxwell Schwartz,Office Supplies,456,Ezra Woodward
403,06.02.2012,346,-77,Jane Waco,Office Supplies,423,Cameron Mcfarland
8164,09.07.2012,325,-76,Doug Bickford,Office Supplies,402,Kelly Rivera
1876,29.12.2012,176,-76,Anna Andreadi,Office Supplies,252,Stacy Melendez
6208,04.10.2012,85,-75,Dan Campbell,Office Supplies,160,Hamish Guzman
6268,09.04.2012,129,-75,Chris Selesnick,Office Supplies,204,Abdul Sullivan
4933,22.04.2012,36,-74,Bill Donatelli,Technology,111,Medge Ballard
5047,03.03.2012,141,-74,Barry Weirich,Office Supplies,216,Jolie Hardy
7635,19.11.2012,110,-73,Tamara Manning,Office Supplies,183,Riley Finley
5179,11.07.2012,184,-73,Harold Ryan,Office Supplies,258,Rhea Tyson
7201,07.08.2012,195,-72,Theone Pippenger,Furniture,268,Theodore Spence
5596,23.03.2012,253,-72,Roy Skaria,Technology,326,Paki Livingston
8091,10.11.2012,44,-72,Pete Takahito,Furniture,116,Zachary Wells
257,11.07.2012,233,-72,Joni Blumstein,Office Supplies,305,Alea Sweeney
4833,24.12.2012,93,-72,Joy Daniels,Office Supplies,164,Medge Ballard
619,02.10.2012,196,-71,Lela Donovan,Office Supplies,267,Stephanie Hays
3637,22.06.2012,278,-71,Barry Pond,Office Supplies,350,Kamal Oconnor
673,21.03.2012,124,-71,Adrian Hane,Office Supplies,195,Ima Sawyer
2443,12.07.2012,312,-71,Ed Ludwig,Office Supplies,383,Louis Raymond
3196,13.01.2012,337,-71,Adam Hart,Office Supplies,408,Paki Livingston
4656,27.04.2012,57,-71,Cindy Schnelling,Technology,128,Hermione Gilbert
1722,18.10.2012,243,-71,Yoseph Carroll,Office Supplies,314,James Shepard
2240,03.01.2012,69,-71,Eva Jacobs,Office Supplies,140,Macy Beasley
2814,08.11.2012,117,-70,Michael Grace,Technology,188,Gemma Monroe
1023,04.04.2012,337,-70,Karen Carlisle,Technology,407,Alfonso Carrillo
6277,29.07.2012,249,-69,Nona Balk,Furniture,318,Kermit Walsh
6743,26.01.2012,88,-69,Darren Budd,Furniture,157,Louis Raymond
5454,20.09.2012,169,-69,Pierre Wener,Technology,238,Aileen Kirk
3556,09.05.2012,309,-68,Ryan Crowe,Technology,378,Hermione Gilbert
296,12.04.2012,108,-68,Rob Lucas,Office Supplies,176,Paki Livingston
7058,06.11.2012,122,-68,Marc Crier,Office Supplies,190,Tamara Leach
6230,12.03.2012,81,-67,Alan Schoenberger,Office Supplies,148,Nola Kline
864,21.07.2012,130,-67,Grant Carroll,Office Supplies,198,Kelly Rivera
6948,23.03.2012,87,-67,Sally Knutson,Technology,154,Francesca Ayers
5448,12.02.2012,170,-67,Duane Noonan,Technology,238,Francesca Ayers
6285,09.07.2012,198,-67,Tom Prescott,Office Supplies,265,Hyacinth Miranda
8087,06.01.2012,86,-67,Patrick Jones,Office Supplies,153,Wyatt Howard
2713,01.11.2012,71,-67,Gary Hwang,Office Supplies,138,Michael Irwin
2442,13.04.2012,265,-67,Mark Cousins,Technology,331,Yvette Sargent
2954,12.01.2012,312,-67,Andy Reiter,Technology,379,Aileen Kirk
8286,29.02.2012,152,-66,Corey Catlett,Office Supplies,218,Lyle Avery
8307,04.12.2012,214,-66,Cari MacIntyre,Office Supplies,280,Ifeoma Chapman
6602,16.07.2012,136,-66,Neil French,Office Supplies,202,Hedwig Larsen
1892,29.08.2012,106,-66,Cynthia Arntzen,Office Supplies,172,Alexandra Christian
366,04.09.2012,114,-66,Harold Ryan,Office Supplies,180,Uma Ingram
2527,30.11.2012,213,-65,Alyssa Crouse,Office Supplies,278,Ginger Haley
701,21.08.2012,121,-65,Michael Stewart,Office Supplies,186,Theodore Spence
3361,17.07.2012,199,-65,Sean Wendt,Technology,264,Katelyn Brady
8305,04.12.2012,166,-65,Cari MacIntyre,Furniture,230,Whilemina Sloan
4911,24.11.2012,168,-65,Lauren Leatherbury,Office Supplies,233,Marvin Thompson
4113,28.03.2012,238,-65,Bill Shonely,Office Supplies,303,Michael Irwin
6444,07.10.2012,273,-64,Liz Price,Office Supplies,337,Colton Curtis
146,01.10.2012,84,-64,Luke Foster,Office Supplies,149,Wyatt Conner
1631,28.07.2012,247,-64,Marina Lichtenstein,Office Supplies,311,Holly Rice
3093,05.09.2012,175,-63,Cynthia Arntzen,Technology,238,Callum Church
5961,14.09.2012,47,-63,Maureen Gastineau,Office Supplies,110,Katelyn Brady
2229,15.07.2012,217,-63,Maria Zettner,Office Supplies,280,Eliana Pollard
4606,09.09.2012,90,-62,Lycoris Saunders,Office Supplies,151,Kellie Cervantes
2740,19.10.2012,133,-62,Pauline Chand,Office Supplies,195,Macy Beasley
546,09.12.2012,178,-62,Evan Henry,Office Supplies,240,Wyatt Conner
4726,24.11.2012,192,-61,Michael Oakman,Furniture,254,Ezra Woodward
2440,21.05.2012,80,-61,Brad Thomas,Office Supplies,141,Macy Beasley
8369,12.12.2012,262,-61,Julia Barnett,Office Supplies,323,Finn Marquez
5304,06.06.2012,135,-61,Anemone Ratner,Office Supplies,196,Logan Le
3232,26.07.2012,138,-60,Harry Marie,Office Supplies,198,Ina Osborn
1305,13.06.2012,133,-60,Emily Grady,Office Supplies,193,Whilemina Sloan
90,12.07.2012,70,-60,Ken Brennan,Office Supplies,130,Jackson Booker
1954,01.08.2012,180,-60,MaryBeth Skach,Furniture,240,Aileen Kirk
7588,08.01.2012,244,-60,Lauren Leatherbury,Furniture,303,Autumn Leblanc
3604,03.03.2012,262,-59,Ann Chong,Technology,321,Logan Le
2298,05.02.2012,75,-59,Darren Budd,Furniture,134,Magee Padilla
4421,08.03.2012,179,-59,Joni Sundaresam,Office Supplies,238,Nora Pratt
3864,08.02.2012,56,-58,Robert Marley,Office Supplies,115,Kelly Rivera
2252,26.10.2012,104,-58,Katherine Hughes,Office Supplies,162,Vaughan Doyle
187,18.04.2012,68,-58,Lela Donovan,Office Supplies,126,Wyatt Howard
4617,26.10.2012,108,-58,Jim Karlsson,Technology,166,Jamal Sims
4271,18.10.2012,239,-57,Tom Boeckenhauer,Office Supplies,297,Burton Cherry
4366,16.02.2012,259,-57,Nick Crebassa,Office Supplies,317,Uma Ingram
2460,07.05.2012,29,-57,Neil Knudson,Technology,86,Calista Britt
4826,06.09.2012,76,-57,Fred McMath,Office Supplies,132,Ezra Woodward
6042,06.10.2012,388,-57,David Philippe,Office Supplies,444,Yvette Sargent
5193,13.09.2012,201,-56,Dana Kaydos,Office Supplies,257,Callum Church
5742,01.07.2012,129,-56,Sarah Bern,Office Supplies,185,Yvette Sargent
4051,15.04.2012,55,-56,Claudia Miner,Technology,111,Ila Hunt
7278,17.10.2012,66,-56,Ivan Gibson,Technology,121,Carol Solomon
841,18.08.2012,124,-56,Toby Grace,Office Supplies,180,Lee Velasquez
2281,05.08.2012,128,-55,Bryan Davis,Office Supplies,183,Britanney Castaneda
1453,04.05.2012,137,-55,Guy Phonely,Office Supplies,192,Nicole Mccullough
5661,17.02.2012,77,-55,Craig Leslie,Technology,131,Katelyn Brady
6988,20.07.2012,140,-54,Parhena Norris,Office Supplies,194,Autumn Leblanc
5707,21.07.2012,240,-54,Emily Grady,Office Supplies,294,Ifeoma Chapman
4643,24.08.2012,121,-54,Tony Sayre,Office Supplies,175,Louis Raymond
6738,29.10.2012,113,-53,Duane Benoit,Furniture,166,Angelica Wiley
7513,18.07.2012,104,-53,Raymond Fair,Office Supplies,157,Michael Irwin
7777,07.03.2012,80,-53,Helen Andreada,Office Supplies,133,Kermit Walsh
6499,09.12.2012,115,-53,Sean Miller,Technology,167,Curran Lewis
4868,19.11.2012,259,-53,Cindy Chapman,Office Supplies,312,Abdul Sullivan
167,19.02.2012,341,-52,Anthony Witt,Technology,394,Flynn Carney
7578,15.04.2012,114,-52,Mike Caudle,Office Supplies,166,Carol Solomon
7125,07.02.2012,316,-52,Carol Darley,Technology,369,Bertha Wagner
2126,04.04.2012,330,-52,Meg O'Connel,Office Supplies,382,Ezra Woodward
6992,17.03.2012,284,-51,Toby Carlisle,Technology,335,Alexandra Christian
6209,04.10.2012,120,-51,Dan Campbell,Office Supplies,171,Shannon Guthrie
884,11.12.2012,304,-51,Jonathan Doherty,Office Supplies,355,Miranda Wolfe
4975,23.02.2012,71,-50,Erin Mull,Office Supplies,121,Ciara Gilliam
4623,03.03.2012,64,-48,Corey Lock,Office Supplies,112,Alfonso Carrillo
8323,24.03.2012,58,-48,Greg Hansen,Office Supplies,106,Alfonso Carrillo
7710,17.03.2012,61,-48,Patrick O'Brill,Technology,109,Karleigh Patel
3043,05.04.2012,77,-48,Sonia Sunley,Office Supplies,125,Louis Raymond
7207,09.01.2012,89,-48,Tony Sayre,Office Supplies,136,Ifeoma Chapman
123,17.02.2012,60,-47,Thais Sissman,Office Supplies,107,Alfonso Carrillo
7371,03.04.2012,169,-47,Roy Phan,Technology,216,Burton Cherry
1105,13.05.2012,66,-47,Russell D'Ascenzo,Office Supplies,114,Whilemina Sloan
8379,28.05.2012,112,-47,Ivan Gibson,Technology,159,Rhea Tyson
2332,10.03.2012,219,-46,Ed Ludwig,Office Supplies,265,Ina Osborn
1604,24.09.2012,243,-46,Valerie Mitchum,Technology,289,Logan Le
2454,25.10.2012,260,-46,Ricardo Emerson,Office Supplies,306,Aileen Kirk
1340,24.03.2012,135,-46,Scott Cohen,Office Supplies,181,Macy Beasley
6052,10.06.2012,235,-46,Tracy Collins,Office Supplies,280,Vaughan Doyle
4420,08.03.2012,106,-45,Joni Sundaresam,Technology,151,Moses Roman
7114,12.07.2012,129,-45,Ritsa Hightower,Office Supplies,173,Gemma Monroe
7487,24.10.2012,106,-44,Odella Nelson,Office Supplies,150,Wyatt Howard
4934,22.04.2012,388,-44,Bill Donatelli,Furniture,432,Olivia Bowers
6947,23.03.2012,404,-44,Sally Knutson,Office Supplies,448,Jolie Hardy
1540,16.08.2012,132,-44,Cynthia Arntzen,Office Supplies,176,Macy Beasley
6143,10.05.2012,153,-44,Nick Crebassa,Office Supplies,196,Louis Raymond
6226,15.04.2012,111,-44,Frank Price,Office Supplies,154,Ezra Woodward
1891,17.05.2012,40,-44,Pierre Wener,Technology,84,Zachary Wells
3450,14.08.2012,197,-44,Quincy Jones,Office Supplies,241,Dean Mejia
5549,22.04.2012,45,-43,Emily Burns,Office Supplies,88,Kendall Gilbert
4454,09.09.2012,87,-43,Rachel Payne,Office Supplies,130,Aileen Kirk
2273,30.07.2012,113,-43,Logan Haushalter,Office Supplies,157,Ima Sawyer
8338,07.03.2012,167,-43,Jenna Caffey,Office Supplies,210,Angelica Wiley
6378,07.01.2012,91,-43,Roger Demir,Office Supplies,134,Carol Solomon
594,06.10.2012,118,-42,Shahid Shariari,Office Supplies,161,Jelani Maddox
1853,02.09.2012,117,-42,Bill Donatelli,Technology,159,Nicole Mccullough
4107,29.05.2012,325,-42,Jay Fine,Office Supplies,367,Ifeoma Chapman
5645,10.06.2012,169,-42,Cindy Chapman,Office Supplies,211,Christine Guerra
3555,09.05.2012,343,-41,Ryan Crowe,Office Supplies,385,Gavin Walton
3797,12.08.2012,152,-41,Nathan Mautz,Office Supplies,193,Ella Valentine
2596,22.05.2012,222,-40,Matthew Clasen,Office Supplies,262,Paki Livingston
7310,05.09.2012,63,-40,Carlos Soltero,Office Supplies,103,Karleigh Patel
3635,02.09.2012,231,-40,Tony Sayre,Furniture,270,Riley Finley
2276,14.05.2012,35,-39,Grant Donatelli,Office Supplies,74,Stacy Melendez
2732,24.06.2012,90,-38,Victor Price,Technology,128,Ina Osborn
7243,01.01.2012,188,-38,Roy Skaria,Office Supplies,226,Louis Raymond
1957,06.03.2012,171,-38,Cynthia Voltz,Technology,209,Alea Sweeney
3679,29.07.2012,113,-38,Neil French,Office Supplies,151,Rhea Tyson
3598,02.09.2012,260,-38,Hunter Lopez,Office Supplies,298,Magee Padilla
2597,22.05.2012,40,-38,Matthew Clasen,Office Supplies,78,Ella Valentine
8347,18.06.2012,18,-38,Katherine Hughes,Technology,55,Jolie Hardy
2160,11.05.2012,157,-38,John Huston,Office Supplies,194,Calista Britt
156,20.06.2012,91,-38,Maureen Gastineau,Technology,128,Hermione Gilbert
5251,20.05.2012,163,-38,Kelly Andreada,Office Supplies,201,Ila Hunt
368,31.07.2012,78,-37,Cindy Chapman,Office Supplies,115,Abdul Sullivan
6874,31.05.2012,122,-37,Russell D'Ascenzo,Office Supplies,159,Aidan Bradford
887,23.01.2012,63,-37,Denise Leinenbach,Office Supplies,100,Wyatt Howard
5286,21.05.2012,368,-37,Brendan Dodson,Office Supplies,405,Lyle Avery
6312,24.01.2012,303,-37,Ross DeVincentis,Office Supplies,340,Evan Munoz
4324,16.07.2012,73,-37,Quincy Jones,Office Supplies,109,Claire Davidson
3594,29.05.2012,110,-37,Sally Knutson,Furniture,147,Jelani Maddox
1094,19.01.2012,238,-36,Dennis Pardue,Office Supplies,275,Jelani Maddox
1644,20.08.2012,243,-36,Shahid Hopkins,Office Supplies,279,Colton Curtis
5953,11.03.2012,145,-36,Phillip Flathmann,Office Supplies,181,Nicole Mccullough
6836,26.12.2012,256,-36,Nora Paige,Office Supplies,291,Devin Ayala
8177,07.05.2012,273,-36,Arthur Prichep,Office Supplies,309,Kermit Walsh
4587,15.09.2012,127,-36,Peter McVee,Office Supplies,162,Wyatt Howard
7431,15.03.2012,33,-36,Nat Gilpin,Office Supplies,69,Holly Rice
7634,10.08.2012,73,-35,Rob Williams,Office Supplies,108,Olivia Bowers
4186,03.07.2012,124,-34,Ken Dana,Furniture,158,Lyle Avery
4791,03.11.2012,236,-34,Jason Klamczynski,Furniture,270,Zachary Wells
6097,14.02.2012,225,-34,Susan Vittorini,Office Supplies,259,Ella Valentine
8322,24.03.2012,32,-34,Greg Hansen,Office Supplies,66,James Shepard
7617,29.11.2012,225,-33,Guy Armstrong,Technology,258,Jamal Sims
1718,23.03.2012,37,-33,Hunter Glantz,Office Supplies,70,Raya Andrews
2533,30.09.2012,150,-33,Nick Crebassa,Office Supplies,183,Medge Ballard
4405,11.05.2012,110,-33,Cindy Schnelling,Office Supplies,143,Whilemina Sloan
367,31.07.2012,65,-32,Cindy Chapman,Technology,97,Flynn Carney
7370,05.01.2012,192,-32,Scot Coram,Office Supplies,224,Deborah Kent
2684,24.09.2012,210,-32,Cassandra Brandow,Office Supplies,242,Miranda Wolfe
595,12.05.2012,54,-32,Harold Dahlen,Office Supplies,86,Oren Day
1136,10.08.2012,75,-32,Jason Klamczynski,Office Supplies,107,Devin Ayala
3447,23.06.2012,36,-31,Mark Cousins,Furniture,68,Jolie Hardy
5988,05.03.2012,314,-31,Denny Joy,Office Supplies,345,Autumn Leblanc
1126,18.10.2012,110,-31,Pauline Chand,Furniture,141,Ezra Woodward
4701,18.09.2012,162,-31,Penelope Sewall,Office Supplies,193,Theodore Spence
2450,20.09.2012,150,-31,Darren Budd,Furniture,181,Dean Mejia
8248,06.02.2012,76,-31,Kristina Nunn,Office Supplies,107,Francesca Ayers
4168,19.09.2012,319,-31,Joni Sundaresam,Office Supplies,350,Abdul Sullivan
5307,24.11.2012,43,-31,Larry Blacks,Office Supplies,73,Ifeoma Chapman
544,05.10.2012,63,-31,Tony Sayre,Office Supplies,93,Colton Curtis
7746,16.03.2012,210,-31,Shahid Collister,Office Supplies,241,Wyatt Conner
6144,10.05.2012,72,-31,Nick Crebassa,Office Supplies,102,Colton Curtis
4692,06.10.2012,128,-30,Alan Barnes,Office Supplies,158,Alexandra Christian
2765,12.08.2012,41,-30,Dianna Vittorini,Technology,72,Yvonne Wilkins
3894,20.10.2012,148,-30,Matthew Grinstein,Office Supplies,178,Jelani Maddox
5848,28.10.2012,303,-30,Paul Knutson,Office Supplies,333,Francesca Ayers
7623,19.03.2012,125,-30,Tracy Hopkins,Office Supplies,155,Alfonso Carrillo
7372,29.04.2012,120,-30,Bill Eplett,Office Supplies,150,Brady Pratt
8062,18.09.2012,76,-30,Patrick Jones,Office Supplies,106,Xerxes Phelps
2285,11.05.2012,94,-29,Chris Selesnick,Office Supplies,124,Hyacinth Miranda
6864,23.10.2012,53,-29,Benjamin Patterson,Office Supplies,82,Kelly Rivera
5066,29.04.2012,56,-29,Nathan Mautz,Furniture,85,Uma Ingram
5867,08.12.2012,57,-29,Darrin Van Huff,Technology,86,Flynn Carney
604,02.07.2012,43,-28,Denise Leinenbach,Office Supplies,71,Logan Le
787,15.08.2012,199,-28,Nick Radford,Office Supplies,227,Wyatt Howard
3204,01.10.2012,224,-28,Rob Haberlin,Office Supplies,252,Logan Le
6708,25.11.2012,88,-28,Tom Zandusky,Office Supplies,116,Hamish Guzman
3205,01.10.2012,56,-28,Rob Haberlin,Office Supplies,84,Whilemina Sloan
91,12.07.2012,41,-28,Ken Brennan,Office Supplies,68,Zachary Wells
3833,12.09.2012,144,-28,Maya Herman,Office Supplies,171,Medge Ballard
2200,30.10.2012,189,-27,Helen Andreada,Office Supplies,216,Arden Griffith
4404,11.05.2012,98,-27,Cindy Schnelling,Furniture,125,Logan Le
4115,28.11.2012,34,-26,Scot Wooten,Office Supplies,61,Oliver Barry
688,05.01.2012,42,-26,Max Engle,Office Supplies,68,Autumn Leblanc
8244,02.03.2012,63,-26,John Stevenson,Office Supplies,89,Colton Curtis
692,24.04.2012,55,-26,Tony Sayre,Office Supplies,81,Alexandra Christian
6884,11.04.2012,103,-26,Ed Braxton,Office Supplies,129,Miranda Wolfe
5178,01.06.2012,61,-26,Bobby Trafton,Technology,86,Carol Solomon
357,14.08.2012,23,-26,Bobby Elias,Office Supplies,48,Alea Sweeney
8265,26.02.2012,22,-25,David Smith,Technology,47,Yvonne Wilkins
2739,19.10.2012,322,-25,Pauline Chand,Office Supplies,347,Wyoming Martinez
1309,10.11.2012,36,-25,Hunter Lopez,Technology,61,Shannon Guthrie
3915,07.02.2012,59,-25,Monica Federle,Office Supplies,83,Oliver Barry
6928,09.08.2012,131,-25,Brian DeCherney,Office Supplies,156,Cally Sargent
7215,03.03.2012,33,-24,Berenike Kampe,Office Supplies,57,Oliver Barry
7899,11.02.2012,110,-24,Shirley Daniels,Office Supplies,134,Curran Lewis
5725,28.03.2012,67,-24,Darrin Van Huff,Office Supplies,91,Bertha Wagner
7975,09.05.2012,205,-24,Jack Garza,Office Supplies,230,Ciara Gilliam
7229,27.10.2012,46,-24,Frank Atkinson,Office Supplies,70,Eliana Pollard
1096,01.03.2012,104,-24,Don Weiss,Office Supplies,129,Paki Livingston
482,15.09.2012,59,-24,Sandra Flanagan,Office Supplies,83,Nerea Schroeder
4744,08.10.2012,139,-24,Jonathan Doherty,Office Supplies,163,Colton Curtis
5646,07.06.2012,29,-24,Rick Wilson,Technology,53,Wyatt Conner
1290,11.10.2012,32,-24,Jonathan Doherty,Office Supplies,56,Jackson Booker
6854,09.11.2012,200,-24,Christopher Martinez,Office Supplies,224,Aileen Kirk
4679,19.01.2012,67,-23,Michael Oakman,Office Supplies,90,Rhea Tyson
3914,07.02.2012,62,-23,Monica Federle,Office Supplies,86,Gemma Monroe
18,18.11.2012,33,-23,Pauline Chand,Office Supplies,55,Raya Andrews
6979,12.12.2012,62,-22,Philip Fox,Office Supplies,84,Rhea Tyson
248,18.05.2012,57,-22,Ed Ludwig,Furniture,79,Francesca Ayers
1886,08.08.2012,28,-22,Andy Reiter,Office Supplies,50,Lyle Avery
325,05.03.2012,142,-22,Sarah Brown,Office Supplies,165,Bertha Wagner
8140,07.10.2012,36,-22,William Brown,Office Supplies,58,Macy Beasley
6082,21.12.2012,282,-22,Dorothy Wardle,Office Supplies,304,Nerea Schroeder
2058,08.01.2012,311,-21,Ralph Knight,Technology,332,Tamara Leach
5406,08.05.2012,56,-21,Cynthia Arntzen,Office Supplies,77,Kellie Cervantes
2215,24.12.2012,51,-21,Maurice Satty,Office Supplies,72,Oliver Barry
986,04.01.2012,113,-21,Steve Chapman,Office Supplies,134,Lyle Avery
7434,25.04.2012,45,-21,Eugene Hildebrand,Office Supplies,66,Olivia Bowers
2761,16.06.2012,98,-21,Liz Price,Furniture,119,Katelyn Brady
7644,11.01.2012,380,-21,Maribeth Yedwab,Office Supplies,401,Colton Curtis
3375,17.04.2012,81,-20,Erin Mull,Office Supplies,101,Ciara Gilliam
227,14.02.2012,17,-20,Grant Thornton,Office Supplies,37,Ginger Haley
3967,22.05.2012,63,-20,Lindsay Castell,Office Supplies,83,Flynn Carney
7143,11.06.2012,34,-20,Thomas Thornton,Office Supplies,54,Louis Raymond
4983,01.11.2012,46,-20,Cindy Chapman,Office Supplies,66,Sierra Lane
7174,13.04.2012,31,-20,Jim Epp,Office Supplies,50,Aidan Bradford
3754,08.01.2012,203,-19,Dionis Lloyd,Office Supplies,222,Aileen Kirk
3092,05.09.2012,56,-19,Cynthia Arntzen,Office Supplies,75,Alexandra Christian
3481,17.02.2012,96,-19,Tracy Blumstein,Furniture,116,Britanney Castaneda
911,12.06.2012,312,-19,Adrian Hane,Office Supplies,332,Marvin Thompson
1562,26.05.2012,47,-19,Harold Engle,Office Supplies,66,Xerxes Phelps
81,17.08.2012,210,-19,Valerie Dominguez,Office Supplies,229,Britanney Castaneda
7017,18.10.2012,76,-19,Jack O'Briant,Office Supplies,95,Jamal Sims
2547,28.03.2012,81,-19,Brian Derr,Office Supplies,99,Jolie Hardy
3583,30.12.2012,257,-19,Matt Hagelstein,Office Supplies,276,Sierra Lane
7216,03.03.2012,39,-19,Berenike Kampe,Office Supplies,57,Nomlanga King
4218,11.07.2012,25,-18,Guy Phonely,Office Supplies,43,Raya Andrews
3919,10.04.2012,60,-18,Bruce Money,Office Supplies,78,Stephanie Hays
5464,20.05.2012,10,-18,Valerie Takahito,Technology,28,Kelly Rivera
7509,10.07.2012,56,-18,Roland Black,Office Supplies,74,Shannon Guthrie
7744,08.06.2012,62,-18,Kean Thornton,Office Supplies,80,Colton Curtis
6167,07.09.2012,34,-18,Odella Nelson,Office Supplies,52,Flynn Carney
4691,06.10.2012,31,-18,Alan Barnes,Office Supplies,48,Zachary Wells
6137,11.06.2012,25,-18,Astrea Jones,Office Supplies,43,Kamal Oconnor
7438,26.02.2012,323,-18,Adrian Shami,Office Supplies,340,Angelica Wiley
129,18.04.2012,53,-18,Alice McCarthy,Office Supplies,71,Eliana Pollard
6152,03.07.2012,44,-17,Sung Shariari,Office Supplies,61,Vaughan Doyle
816,28.12.2012,44,-17,Art Foster,Office Supplies,62,Nomlanga King
6252,23.03.2012,307,-17,Juliana Krohn,Technology,324,Vaughan Doyle
602,20.08.2012,48,-17,Ed Braxton,Furniture,65,Hedwig Larsen
4309,27.09.2012,33,-17,Bill Shonely,Office Supplies,50,Shannon Guthrie
5036,19.02.2012,37,-17,Deanra Eno,Office Supplies,55,Devin Ayala
1992,16.02.2012,31,-17,Cyma Kinney,Furniture,48,Alexandra Christian
5208,29.09.2012,57,-17,Christine Abelman,Office Supplies,74,Hamish Guzman
5996,09.03.2012,45,-17,Darrin Sayre,Office Supplies,62,Paki Livingston
4730,27.04.2012,17,-17,Mick Crebagga,Office Supplies,34,Nola Kline
7391,08.05.2012,26,-17,Ruben Dartt,Office Supplies,43,Zachary Wells
1116,04.08.2012,31,-16,Jim Karlsson,Office Supplies,47,Nomlanga King
4918,08.06.2012,127,-16,Thomas Boland,Office Supplies,143,Raya Andrews
3482,15.11.2012,19,-16,Lisa Hazard,Office Supplies,35,Nerea Schroeder
903,12.10.2012,38,-16,Tony Sayre,Office Supplies,54,Cameron Mcfarland
971,04.02.2012,259,-16,Maureen Fritzler,Office Supplies,275,Burton Cherry
2573,30.09.2012,26,-16,Nora Pelletier,Office Supplies,41,Ima Sawyer
622,14.08.2012,18,-15,Mike Vittorini,Furniture,33,James Shepard
7708,03.12.2012,96,-15,Joni Wasserman,Office Supplies,111,Hamish Guzman
4568,02.02.2012,67,-15,Andrew Allen,Office Supplies,82,Abdul Sullivan
2476,05.04.2012,87,-15,George Ashbrook,Office Supplies,102,Stacy Melendez
5414,27.04.2012,44,-15,Grant Carroll,Office Supplies,59,Gemma Monroe
3125,29.08.2012,19,-15,Allen Golden,Office Supplies,33,Bertha Wagner
1055,12.01.2012,31,-15,Evan Bailliet,Office Supplies,46,Gavin Walton
1500,12.06.2012,134,-15,Helen Wasserman,Office Supplies,148,Arden Griffith
4021,10.08.2012,24,-14,Nora Price,Office Supplies,38,Nora Pratt
264,15.04.2012,28,-14,Susan Vittorini,Office Supplies,43,Kelly Rivera
2674,23.09.2012,365,-14,Valerie Takahito,Office Supplies,379,Aidan Bradford
1626,24.02.2012,57,-14,Christina Vanderzanden,Office Supplies,71,Ezra Woodward
3584,09.07.2012,311,-14,Frank Carlisle,Office Supplies,325,Miranda Wolfe
4770,20.09.2012,232,-14,Sarah Jordon,Office Supplies,246,Deborah Kent
254,24.03.2012,60,-14,Hallie Redmond,Office Supplies,74,Aileen Kirk
185,18.04.2012,15,-14,Lela Donovan,Office Supplies,28,Hyacinth Miranda
7427,12.05.2012,26,-14,Joni Blumstein,Office Supplies,40,Ginger Haley
29,04.04.2012,20,-13,Maria Zettner,Office Supplies,34,Eliana Pollard
4633,26.01.2012,74,-13,Steven Cartwright,Office Supplies,88,Medge Ballard
3489,19.03.2012,175,-13,Valerie Takahito,Office Supplies,189,Price Martin
6425,07.08.2012,20,-13,Barry Franz,Office Supplies,33,Bertha Wagner
794,04.10.2012,372,-13,Max Jones,Office Supplies,385,Jelani Maddox
5223,31.10.2012,23,-13,Guy Armstrong,Office Supplies,36,Alfonso Carrillo
2319,06.10.2012,24,-13,Giulietta Dortch,Office Supplies,37,Stephanie Hays
3427,09.07.2012,31,-13,Kristina Nunn,Office Supplies,44,Ginger Haley
7935,02.12.2012,407,-13,Art Ferguson,Office Supplies,420,Riley Finley
3952,09.07.2012,25,-13,Grant Carroll,Office Supplies,38,Vaughan Doyle
982,10.05.2012,119,-13,Shaun Weien,Office Supplies,132,Nerea Schroeder
2277,24.03.2012,86,-13,Frank Merwin,Office Supplies,99,Kermit Walsh
1533,24.06.2012,14,-13,Sandra Glassco,Office Supplies,27,Medge Ballard
3344,01.06.2012,121,-13,Christopher Conant,Office Supplies,134,Colton Curtis
1170,01.04.2012,52,-12,Nora Price,Technology,64,Deborah Kent
4771,20.09.2012,88,-12,Sarah Jordon,Office Supplies,100,Burton Cherry
1161,13.04.2012,41,-12,Eva Jacobs,Office Supplies,53,Katelyn Brady
749,24.10.2012,54,-12,Christine Abelman,Furniture,66,Kendall Gilbert
471,08.10.2012,43,-12,Brad Eason,Office Supplies,54,Burton Cherry
2778,02.09.2012,41,-12,Anna Chung,Office Supplies,52,Carol Solomon
6051,10.06.2012,36,-11,Tracy Collins,Office Supplies,47,Ila Hunt
2769,05.11.2012,137,-11,Liz Carlisle,Technology,149,Finn Marquez
4899,05.09.2012,54,-11,Rob Dowd,Office Supplies,65,Curran Lewis
5384,29.04.2012,12,-11,Tom Boeckenhauer,Furniture,22,Miranda Wolfe
5165,08.09.2012,26,-11,Laurel Elliston,Furniture,37,Yvonne Wilkins
7749,26.05.2012,62,-10,Patrick Jones,Office Supplies,72,Kendall Gilbert
7187,12.01.2012,21,-10,Mitch Gastineau,Office Supplies,32,Wyatt Howard
4512,14.12.2012,20,-10,Vivek Sundaresam,Office Supplies,30,Evan Munoz
7461,14.07.2012,13,-10,Stewart Visinsky,Office Supplies,24,Katelyn Brady
7325,04.08.2012,92,-10,Maxwell Schwartz,Office Supplies,102,Bertha Wagner
2758,13.11.2012,37,-10,Giulietta Weimer,Office Supplies,47,Tamara Leach
3148,20.05.2012,252,-10,Laurel Workman,Furniture,261,Francesca Ayers
6715,11.08.2012,66,-9,Hilary Holden,Furniture,76,Oliver Barry
1367,30.01.2012,86,-9,Chad Sievert,Office Supplies,96,Flynn Carney
8284,29.02.2012,250,-9,Corey Catlett,Office Supplies,260,Miranda Wolfe
4232,01.09.2012,311,-9,Alejandro Grove,Furniture,320,Ina Osborn
2418,25.05.2012,16,-9,Tracy Collins,Office Supplies,25,Raya Andrews
2864,22.11.2012,44,-9,Shahid Shariari,Office Supplies,53,Kelly Rivera
2449,10.07.2012,62,-9,Vivek Grady,Office Supplies,70,Kendall Gilbert
4700,18.09.2012,235,-9,Penelope Sewall,Office Supplies,244,Arden Griffith
1889,02.12.2012,17,-9,Grant Thornton,Furniture,26,Price Martin
4189,22.07.2012,165,-9,Barry Gonzalez,Office Supplies,174,Price Martin
7552,22.07.2012,406,-9,Sean Miller,Office Supplies,414,Vaughan Doyle
8075,11.11.2012,407,-8,Grant Carroll,Office Supplies,416,Ciara Gilliam
7387,07.03.2012,64,-8,Alan Hwang,Office Supplies,73,Wyatt Howard
2616,03.05.2012,29,-8,Steve Nguyen,Office Supplies,37,Nomlanga King
7016,18.10.2012,13,-8,Jack O'Briant,Office Supplies,22,Nomlanga King
7881,01.03.2012,12,-8,Anne McFarland,Furniture,20,Britanney Castaneda
677,07.04.2012,10,-8,David Kendrick,Office Supplies,18,Kermit Walsh
7986,02.05.2012,19,-8,John Murray,Office Supplies,27,Lyle Avery
3439,26.03.2012,82,-8,Edward Nazzal,Office Supplies,89,Wyoming Martinez
3640,14.09.2012,329,-8,Nicole Brennan,Technology,336,Macy Beasley
5959,14.09.2012,36,-7,Maureen Gastineau,Office Supplies,44,Willa Hopkins
5650,25.09.2012,97,-7,Sheri Gordon,Office Supplies,104,Dean Mejia
1345,22.03.2012,132,-7,Irene Maddox,Technology,139,Christine Guerra
6612,01.04.2012,154,-7,Cynthia Arntzen,Office Supplies,161,Evan Munoz
8064,18.09.2012,18,-7,Patrick Jones,Office Supplies,25,Kelly Rivera
755,08.01.2012,49,-7,Don Jones,Office Supplies,56,Gavin Walton
601,20.08.2012,123,-7,Ed Braxton,Office Supplies,130,Theodore Spence
7941,16.10.2012,34,-7,Jay Fine,Office Supplies,41,Lee Velasquez
3247,16.01.2012,51,-7,Pierre Wener,Office Supplies,58,Jolie Hardy
4539,15.02.2012,14,-7,Ben Peterman,Office Supplies,20,Wyoming Martinez
1587,01.08.2012,40,-7,Eric Hoffmann,Office Supplies,46,Wyatt Howard
2290,29.09.2012,80,-7,Ken Dana,Office Supplies,87,Jackson Booker
6239,04.03.2012,51,-6,Seth Vernon,Office Supplies,57,Wyoming Martinez
6938,20.03.2012,44,-6,Luke Weiss,Office Supplies,50,Angelica Wiley
6274,13.04.2012,16,-6,Thais Sissman,Office Supplies,22,Aidan Bradford
4354,19.11.2012,135,-6,Tracy Zic,Office Supplies,141,Aileen Kirk
2660,15.03.2012,16,-6,Cindy Chapman,Office Supplies,21,Calista Britt
1845,09.05.2012,13,-6,Roy Phan,Office Supplies,19,Christine Guerra
5467,10.06.2012,8,-6,Brad Thomas,Office Supplies,14,Flynn Carney
6428,23.04.2012,263,-6,Jay Kimmel,Office Supplies,269,Cally Sargent
484,22.08.2012,134,-6,Michael Granlund,Office Supplies,139,Miranda Wolfe
6314,13.10.2012,8,-6,Dennis Pardue,Office Supplies,13,Gemma Monroe
5912,23.02.2012,337,-5,Katharine Harms,Office Supplies,343,Evan Munoz
1021,04.04.2012,227,-5,Karen Carlisle,Office Supplies,232,Nora Pratt
3755,08.01.2012,78,-5,Dionis Lloyd,Office Supplies,84,Gavin Walton
4210,22.03.2012,20,-5,Roy Phan,Office Supplies,25,Karleigh Patel
6294,22.01.2012,11,-5,Bill Shonely,Office Supplies,16,Jelani Maddox
8000,26.02.2012,204,-5,Maya Herman,Office Supplies,208,Arden Griffith
2898,29.07.2012,123,-5,Raymond Fair,Office Supplies,128,Magee Padilla
149,04.08.2012,81,-5,Claudia Miner,Office Supplies,85,Kendall Gilbert
2,20.02.2012,7,-5,Ruben Dartt,Office Supplies,12,Hedwig Larsen
7948,29.05.2012,78,-5,Thea Hendricks,Office Supplies,83,Francesca Ayers
1238,02.06.2012,12,-5,Katherine Murray,Office Supplies,17,Angelica Wiley
6897,11.12.2012,28,-4,Evan Henry,Office Supplies,32,Ella Valentine
8162,09.07.2012,14,-4,Doug Bickford,Furniture,19,Xerxes Phelps
690,05.01.2012,80,-4,Max Engle,Office Supplies,84,Jackson Booker
3730,18.03.2012,10,-4,Carol Triggs,Office Supplies,14,Nola Kline
797,29.07.2012,9,-4,Sean Miller,Office Supplies,13,Ella Valentine
464,29.01.2012,81,-4,Jasper Cacioppo,Furniture,85,Kelly Rivera
1789,25.05.2012,84,-4,Philip Fox,Office Supplies,88,Price Martin
2317,27.06.2012,18,-4,Beth Thompson,Office Supplies,22,Jamal Sims
6162,30.10.2012,11,-4,Amy Hunt,Office Supplies,15,Xerxes Phelps
6084,21.12.2012,97,-4,Dorothy Wardle,Technology,101,Miranda Wolfe
3173,10.11.2012,7,-4,Patrick Jones,Office Supplies,10,Ima Sawyer
5018,03.01.2012,10,-3,Chuck Clark,Office Supplies,14,Raya Andrews
4837,28.09.2012,143,-3,Eric Murdock,Office Supplies,146,Kamal Oconnor
3035,06.05.2012,34,-3,Vivek Grady,Office Supplies,37,Riley Finley
8125,19.08.2012,22,-3,Raymond Fair,Office Supplies,24,Bertha Wagner
6839,30.10.2012,31,-3,Erica Hernandez,Office Supplies,34,Wyoming Martinez
4690,10.02.2012,37,-3,Phillina Ober,Office Supplies,40,Jackson Booker
2348,15.12.2012,15,-3,Michael Grace,Office Supplies,17,Francesca Ayers
7717,30.03.2012,22,-3,Quincy Jones,Office Supplies,25,Jamal Sims
7994,03.09.2012,23,-3,Christopher Conant,Office Supplies,26,Jelani Maddox
7240,08.03.2012,174,-3,Ben Peterman,Office Supplies,177,Macy Beasley
596,12.05.2012,125,-2,Harold Dahlen,Office Supplies,127,Paki Livingston
4917,10.12.2012,154,-2,Luke Weiss,Office Supplies,157,Jamal Sims
1956,01.08.2012,236,-2,MaryBeth Skach,Office Supplies,239,Hermione Gilbert
192,27.02.2012,29,-2,Emily Grady,Office Supplies,31,Alexandra Christian
7751,27.03.2012,75,-2,Shaun Weien,Office Supplies,77,Ila Hunt
317,09.07.2012,6,-2,Pete Armstrong,Office Supplies,8,Jamal Sims
3614,19.07.2012,160,-2,Michael Granlund,Office Supplies,161,Gemma Monroe
3472,10.03.2012,5,-2,Don Weiss,Office Supplies,7,Brady Pratt
1028,03.05.2012,26,-2,Chuck Clark,Office Supplies,28,Cally Sargent
2321,25.04.2012,4,-2,Jeremy Farry,Office Supplies,6,Nora Pratt
4230,20.03.2012,243,-2,Catherine Glotzbach,Office Supplies,245,Nola Kline
6495,24.01.2012,4,-2,Maria Bertelson,Office Supplies,5,Oren Day
6361,30.12.2012,14,-1,Theresa Swint,Office Supplies,15,Katelyn Brady
5699,26.11.2012,43,-1,Muhammed Yedwab,Office Supplies,44,Curran Lewis
5054,16.10.2012,19,-1,Clay Ludtke,Office Supplies,20,Aileen Kirk
7252,05.07.2012,12,-1,Harold Pawlan,Office Supplies,13,Vaughan Doyle
2742,18.10.2012,33,-1,Erin Ashbrook,Office Supplies,34,Yvette Sargent
6155,01.09.2012,20,-1,Jennifer Patt,Office Supplies,21,Gavin Walton
3310,24.09.2012,11,-1,Liz Carlisle,Office Supplies,11,Karleigh Patel
7300,13.01.2012,163,-1,Peter Fuller,Office Supplies,164,Arden Griffith
5955,26.04.2012,25,-1,Ted Trevino,Office Supplies,26,Gavin Walton
7444,17.05.2012,23,0,Cindy Chapman,Office Supplies,23,Colton Curtis
4219,11.07.2012,197,0,Khloe Miller,Furniture,197,Stephanie Hays
6834,18.10.2012,18,0,Laurel Elliston,Office Supplies,18,Olivia Bowers
3944,26.01.2012,107,0,Nora Paige,Office Supplies,107,Colton Curtis
6826,03.12.2012,17,0,George Bell,Office Supplies,17,Ezra Woodward
3831,30.09.2012,56,0,Stephanie Ulpright,Office Supplies,55,Holly Rice
5825,02.02.2012,66,0,Magdelene Morse,Office Supplies,66,Bertha Wagner
7342,24.09.2012,113,0,Roland Murray,Office Supplies,112,Yvette Sargent
6466,11.12.2012,136,1,Laurel Workman,Office Supplies,135,Uma Ingram
3991,12.01.2012,49,1,Giulietta Dortch,Office Supplies,49,Zachary Wells
6511,27.04.2012,61,1,Liz Willingham,Office Supplies,61,Marvin Thompson
4323,16.07.2012,66,1,Quincy Jones,Office Supplies,65,Alfonso Carrillo
1278,23.02.2012,69,1,Alan Hwang,Office Supplies,68,Carol Solomon
7756,25.06.2012,58,1,Michael Stewart,Office Supplies,57,Hermione Gilbert
7828,30.09.2012,74,1,Carol Triggs,Office Supplies,73,Cally Sargent
5241,01.11.2012,130,1,Brad Thomas,Office Supplies,129,Lee Velasquez
3903,16.09.2012,68,1,Caroline Jumper,Office Supplies,67,Cameron Mcfarland
5593,04.05.2012,15,1,Valerie Takahito,Office Supplies,13,Callum Church
1995,17.02.2012,69,1,Ralph Kennedy,Office Supplies,68,Oren Day
3045,28.04.2012,74,1,Larry Blacks,Furniture,72,Christine Guerra
6164,30.10.2012,351,1,Amy Hunt,Office Supplies,350,Kelly Rivera
6785,04.03.2012,41,2,Paul Van Hugh,Office Supplies,40,Hyacinth Miranda
1300,07.10.2012,101,2,Joy Bell,Office Supplies,99,Arden Griffith
7971,26.06.2012,71,2,Fred Chung,Office Supplies,69,Burton Cherry
5239,01.11.2012,122,2,Brad Thomas,Furniture,120,Wyoming Martinez
5709,24.07.2012,68,2,Luke Schmidt,Office Supplies,65,Shannon Guthrie
6456,27.01.2012,80,2,Janet Martin,Office Supplies,78,Hermione Gilbert
8384,14.04.2012,27,3,Daniel Lacy,Office Supplies,24,Miranda Wolfe
3999,28.08.2012,69,3,Annie Thurman,Office Supplies,66,Curran Lewis
1524,10.12.2012,21,3,Sung Chung,Office Supplies,18,Claire Davidson
2834,25.05.2012,54,3,Bill Overfelt,Office Supplies,51,Olivia Bowers
5389,05.10.2012,92,3,Julie Creighton,Office Supplies,89,Price Martin
6697,11.10.2012,180,3,Michael Dominguez,Office Supplies,176,Ella Valentine
839,20.01.2012,208,4,Skye Norling,Office Supplies,205,Wyoming Martinez
5540,27.08.2012,64,4,Dan Campbell,Office Supplies,60,Macy Beasley
4588,15.09.2012,162,4,Peter McVee,Office Supplies,158,Autumn Leblanc
8086,07.11.2012,23,4,Liz Price,Office Supplies,19,Lyle Avery
6012,14.08.2012,52,4,Liz Thompson,Office Supplies,48,Evan Munoz
2859,15.04.2012,151,5,Benjamin Farhat,Office Supplies,147,Willa Hopkins
3301,31.10.2012,193,5,Catherine Glotzbach,Office Supplies,188,Theodore Spence
4159,27.12.2012,45,5,Brad Thomas,Office Supplies,41,Willa Hopkins
1993,16.02.2012,22,5,Cyma Kinney,Office Supplies,17,Callum Church
2050,16.10.2012,364,5,Muhammed Lee,Office Supplies,359,Dean Mejia
2461,07.05.2012,68,5,Neil Knudson,Office Supplies,63,Katelyn Brady
5616,20.09.2012,296,5,Sally Knutson,Office Supplies,291,Nomlanga King
5529,17.05.2012,301,5,Natalie Fritzler,Office Supplies,296,Eliana Pollard
1000,28.08.2012,262,5,Muhammed Yedwab,Office Supplies,257,Arden Griffith
4202,25.04.2012,35,6,Brad Eason,Office Supplies,30,Hedwig Larsen
4282,30.10.2012,92,6,Carlos Soltero,Office Supplies,86,Nerea Schroeder
6661,01.08.2012,146,6,Rick Bensley,Office Supplies,140,Katelyn Brady
231,04.08.2012,81,6,Don Miller,Office Supplies,75,Holly Rice
8383,14.04.2012,49,6,Daniel Lacy,Office Supplies,43,Sierra Lane
2163,23.03.2012,134,6,Carlos Meador,Office Supplies,128,Cameron Nixon
5256,03.08.2012,192,6,Steve Carroll,Office Supplies,186,Hermione Gilbert
7602,15.02.2012,119,6,Toby Knight,Office Supplies,112,Hedwig Larsen
2246,09.04.2012,300,6,Frank Price,Office Supplies,294,Wyatt Conner
925,24.05.2012,41,6,Astrea Jones,Office Supplies,34,Bertha Wagner
6990,20.07.2012,86,7,Parhena Norris,Office Supplies,79,Jackson Booker
5927,14.09.2012,95,7,Patrick Bzostek,Office Supplies,88,Ginger Haley
6141,18.06.2012,192,7,Michelle Huthwaite,Office Supplies,186,Lee Velasquez
5186,29.07.2012,55,7,Toby Carlisle,Office Supplies,48,Lyle Avery
6599,07.05.2012,50,7,Allen Golden,Office Supplies,43,Curran Lewis
4711,21.07.2012,386,7,Frank Olsen,Office Supplies,378,Marvin Thompson
8283,08.09.2012,219,7,Andrew Gjertsen,Office Supplies,211,Sierra Lane
2988,25.04.2012,70,8,Don Weiss,Furniture,62,Autumn Leblanc
5637,16.08.2012,91,8,Nathan Mautz,Office Supplies,83,Kamal Oconnor
4103,29.05.2012,74,8,Andrew Roberts,Office Supplies,66,Cameron Mcfarland
6573,05.07.2012,50,8,Meg O'Connel,Office Supplies,41,Ima Sawyer
8382,14.04.2012,159,8,Daniel Lacy,Technology,151,Nerea Schroeder
813,19.02.2012,57,8,Annie Thurman,Office Supplies,48,Michael Irwin
5943,30.05.2012,396,8,Shahid Hopkins,Furniture,387,Louis Raymond
4743,08.10.2012,109,8,Jonathan Doherty,Office Supplies,101,Louis Raymond
3957,11.07.2012,346,8,Meg Tillman,Office Supplies,338,Alea Sweeney
7842,14.10.2012,56,9,Becky Pak,Office Supplies,47,Yvette Sargent
2422,15.03.2012,103,9,Thomas Thornton,Office Supplies,94,James Shepard
7965,17.08.2012,228,9,Eva Jacobs,Office Supplies,219,Yvonne Wilkins
2284,23.08.2012,134,9,David Flashing,Office Supplies,125,Miranda Wolfe
3678,29.07.2012,77,9,Neil French,Office Supplies,68,Carol Solomon
5797,07.07.2012,43,10,Darren Budd,Furniture,34,Ella Valentine
1121,07.02.2012,90,10,John Grady,Office Supplies,80,Nora Pratt
5541,27.08.2012,36,10,Dan Campbell,Office Supplies,26,Lee Velasquez
2361,30.10.2012,81,10,Ivan Liston,Office Supplies,71,Katelyn Brady
3748,25.01.2012,251,10,Bobby Odegard,Office Supplies,241,Francesca Ayers
5888,11.09.2012,273,10,Stefania Perrino,Office Supplies,263,Autumn Leblanc
5172,04.08.2012,19,11,Ralph Kennedy,Furniture,8,Brady Pratt
2659,15.03.2012,66,11,Cindy Chapman,Office Supplies,55,Willa Hopkins
6949,23.03.2012,132,11,Sally Knutson,Office Supplies,121,Kendall Gilbert
7328,12.04.2012,131,11,Dana Kaydos,Furniture,120,Cally Sargent
7488,24.10.2012,74,11,Odella Nelson,Office Supplies,63,Autumn Leblanc
2413,27.06.2012,99,11,Roy Skaria,Office Supplies,88,Michael Irwin
8107,25.10.2012,120,11,Anthony Rawles,Office Supplies,109,Ifeoma Chapman
1093,19.01.2012,354,11,Dennis Pardue,Office Supplies,343,Callum Church
7923,28.11.2012,82,11,Emily Grady,Office Supplies,71,Alfonso Carrillo
5029,24.05.2012,54,12,Susan Pistek,Office Supplies,42,Eliana Pollard
3225,08.02.2012,117,12,MaryBeth Skach,Office Supplies,105,Bertha Wagner
3893,20.10.2012,56,12,Matthew Grinstein,Office Supplies,44,Callum Church
996,10.03.2012,142,12,Thomas Thornton,Furniture,130,Paki Livingston
7435,12.05.2012,187,12,Ritsa Hightower,Furniture,175,Riley Finley
2349,15.12.2012,118,12,Michael Grace,Office Supplies,105,Kendall Gilbert
6679,23.10.2012,81,13,Juliana Krohn,Office Supplies,68,Rhea Tyson
4790,03.11.2012,44,13,Jason Klamczynski,Furniture,31,Jackson Booker
854,21.12.2012,157,13,Annie Thurman,Furniture,144,Aileen Kirk
7521,16.06.2012,55,13,Tamara Chand,Office Supplies,42,Nora Pratt
6989,20.07.2012,200,13,Parhena Norris,Furniture,186,Price Martin
7081,14.08.2012,83,14,Richard Bierner,Office Supplies,69,Britanney Castaneda
7672,04.01.2012,56,14,Alejandro Ballentine,Office Supplies,42,Brady Pratt
2345,15.06.2012,108,15,Sally Hughsby,Office Supplies,93,Christine Guerra
3331,04.06.2012,87,16,Nora Price,Office Supplies,71,Holly Rice
2978,03.07.2012,48,16,Dennis Bolton,Office Supplies,32,Carol Solomon
1792,02.12.2012,66,16,Dave Hallsten,Office Supplies,50,Alexandra Christian
6031,07.10.2012,20,16,Fred Harton,Furniture,4,Holly Rice
1451,25.12.2012,115,16,Evan Henry,Office Supplies,99,Ila Hunt
4813,08.10.2012,208,16,Sanjit Chand,Office Supplies,191,Michael Irwin
2261,05.05.2012,103,16,Greg Maxwell,Office Supplies,86,Katelyn Brady
3532,15.10.2012,195,16,Matt Connell,Office Supplies,179,Ina Osborn
324,05.03.2012,186,16,Sarah Brown,Furniture,170,Claire Davidson
5425,17.07.2012,128,17,Pamela Coakley,Office Supplies,112,Bertha Wagner
7178,10.12.2012,226,17,Nat Carroll,Office Supplies,209,Carol Solomon
2549,21.05.2012,270,17,Deanra Eno,Office Supplies,253,Kendall Gilbert
5868,08.12.2012,371,18,Darrin Van Huff,Office Supplies,354,Abdul Sullivan
711,16.04.2012,80,18,Art Miller,Furniture,61,Marvin Thompson
547,09.12.2012,100,18,Evan Henry,Office Supplies,81,Jolie Hardy
597,12.05.2012,78,19,Harold Dahlen,Office Supplies,60,Ella Valentine
2468,20.08.2012,105,19,Troy Staebel,Office Supplies,87,Abdul Sullivan
3029,25.09.2012,363,19,Pauline Webber,Office Supplies,343,Eliana Pollard
5698,26.11.2012,78,20,Muhammed Yedwab,Office Supplies,58,Magee Padilla
4297,05.08.2012,93,20,Michelle Ellison,Furniture,73,Ella Valentine
179,23.08.2012,375,20,Ionia McGrath,Office Supplies,355,Rhea Tyson
180,19.11.2012,223,20,Guy Armstrong,Technology,203,Carla Williamson
6692,26.06.2012,302,20,Charles McCrossin,Office Supplies,282,Alexandra Christian
6969,08.12.2012,322,20,Lisa Ryan,Office Supplies,301,Finn Marquez
6787,15.12.2012,71,20,Jeremy Pistek,Office Supplies,51,Wyatt Howard
908,26.11.2012,90,21,Cynthia Arntzen,Office Supplies,69,Hamish Guzman
4477,15.09.2012,322,21,Shahid Shariari,Office Supplies,301,Kermit Walsh
4174,13.03.2012,241,21,Ken Brennan,Office Supplies,220,Aidan Bradford
7206,09.01.2012,114,21,Tony Sayre,Office Supplies,93,Kellie Cervantes
1938,10.04.2012,89,22,Rose O'Brian,Office Supplies,67,Angelica Wiley
2112,29.03.2012,109,22,Resi Polking,Office Supplies,88,Evan Munoz
8282,08.09.2012,84,22,Andrew Gjertsen,Office Supplies,62,Nerea Schroeder
5656,30.08.2012,189,22,Larry Tron,Office Supplies,167,Hermione Gilbert
7296,14.04.2012,69,22,Alejandro Grove,Office Supplies,46,Paki Livingston
2375,23.07.2012,158,23,Clay Ludtke,Office Supplies,135,Ciara Gilliam
2486,16.03.2012,83,23,Henry MacAllister,Office Supplies,61,Lyle Avery
5738,13.02.2012,128,23,Pauline Webber,Office Supplies,105,Angelica Wiley
7432,25.04.2012,44,23,Eugene Hildebrand,Furniture,21,Ina Osborn
5565,17.12.2012,304,23,Sanjit Engle,Office Supplies,281,Yvonne Wilkins
1578,06.08.2012,81,23,Nathan Gelder,Office Supplies,58,Carol Solomon
3464,17.03.2012,44,23,Stuart Van,Furniture,21,Kelly Rivera
4446,16.09.2012,90,23,Susan Vittorini,Office Supplies,66,Wyatt Conner
8252,26.05.2012,254,24,Andrew Roberts,Technology,231,Vaughan Doyle
2987,25.04.2012,96,24,Don Weiss,Office Supplies,72,Wyatt Howard
5335,30.03.2012,305,24,Barry Gonzalez,Office Supplies,280,Riley Finley
4729,27.04.2012,208,24,Mick Crebagga,Office Supplies,183,Eliana Pollard
6445,12.08.2012,70,24,Matthew Clasen,Office Supplies,46,Christine Guerra
4075,02.01.2012,193,25,Roy Skaria,Office Supplies,168,Ciara Gilliam
6922,30.03.2012,110,25,Michelle Moray,Office Supplies,85,James Shepard
4492,13.09.2012,162,25,Victoria Wilson,Office Supplies,137,Alexandra Christian
1150,23.02.2012,290,25,Olvera Toch,Furniture,265,Dean Mejia
5443,10.08.2012,64,25,John Castell,Office Supplies,39,Louis Raymond
3636,02.09.2012,81,25,Tony Sayre,Office Supplies,56,Devin Ayala
1633,31.07.2012,148,25,Tracy Poddar,Furniture,123,Medge Ballard
318,09.07.2012,175,26,Pete Armstrong,Office Supplies,149,Raya Andrews
1448,28.03.2012,75,26,Raymond Book,Office Supplies,49,Francesca Ayers
7163,08.11.2012,112,26,Theresa Coyne,Office Supplies,86,Cameron Nixon
6315,03.06.2012,128,27,Debra Catini,Office Supplies,101,Oliver Barry
6741,13.08.2012,215,27,Victoria Brennan,Technology,188,Lee Velasquez
4373,27.01.2012,321,28,Suzanne McNair,Technology,293,Ima Sawyer
4737,02.09.2012,56,28,Adam Hart,Office Supplies,28,Kamal Oconnor
4080,16.01.2012,99,28,Muhammed Lee,Office Supplies,71,Carla Williamson
1788,25.05.2012,69,28,Philip Fox,Office Supplies,41,Autumn Leblanc
4468,22.10.2012,115,29,Damala Kotsonis,Office Supplies,86,Abdul Sullivan
510,25.10.2012,204,29,Giulietta Baptist,Office Supplies,175,Karleigh Patel
4671,19.06.2012,146,29,Nicole Brennan,Office Supplies,117,Burton Cherry
4279,25.12.2012,304,29,Cindy Chapman,Office Supplies,275,Rhea Tyson
1837,20.11.2012,187,29,Kelly Williams,Office Supplies,158,Kamal Oconnor
6977,12.09.2012,76,29,Nora Price,Office Supplies,46,Kermit Walsh
3417,26.06.2012,77,30,Bruce Stewart,Office Supplies,47,Jamal Sims
3832,12.09.2012,238,30,Maya Herman,Furniture,208,Ina Osborn
1125,18.10.2012,79,30,Pauline Chand,Office Supplies,50,Bertha Wagner
2820,19.09.2012,76,30,Logan Haushalter,Office Supplies,46,Moses Roman
5171,04.08.2012,122,31,Ralph Kennedy,Office Supplies,91,Burton Cherry
2135,09.04.2012,381,31,Lena Creighton,Furniture,350,Riley Finley
4781,19.01.2012,110,31,Aaron Smayling,Furniture,78,Britanney Castaneda
6276,13.04.2012,202,32,Thais Sissman,Technology,169,Stacy Melendez
7781,15.07.2012,172,32,Meg Tillman,Office Supplies,140,Britanney Castaneda
4621,03.03.2012,145,32,Corey Lock,Office Supplies,113,Nora Pratt
2444,12.07.2012,101,32,Ed Ludwig,Office Supplies,69,Colton Curtis
2753,12.08.2012,83,33,Matt Abelman,Office Supplies,50,Nicole Mccullough
3677,19.02.2012,128,33,Alan Dominguez,Office Supplies,96,Kermit Walsh
2327,26.12.2012,96,33,Alex Russell,Office Supplies,63,Ginger Haley
4211,07.11.2012,258,33,Bruce Stewart,Office Supplies,225,Marvin Thompson
4299,10.02.2012,106,33,Michael Kennedy,Office Supplies,72,Curran Lewis
7049,18.10.2012,86,34,Liz Willingham,Office Supplies,53,Kendall Gilbert
2406,29.06.2012,348,34,Katherine Nockton,Office Supplies,314,Kellie Cervantes
6822,08.07.2012,202,35,Roy Collins,Office Supplies,167,James Shepard
564,16.09.2012,78,35,Tanja Norvell,Office Supplies,43,Kelly Rivera
7061,12.05.2012,143,35,Katherine Ducich,Office Supplies,108,Katelyn Brady
7155,18.01.2012,117,35,Linda Southworth,Office Supplies,82,Gavin Walton
7146,16.04.2012,87,36,Clay Ludtke,Office Supplies,51,Wyatt Conner
840,18.08.2012,206,36,Toby Grace,Furniture,170,Macy Beasley
4811,13.02.2012,136,36,Alan Hwang,Office Supplies,100,Marvin Thompson
752,12.01.2012,260,37,Michelle Tran,Furniture,224,Vaughan Doyle
4337,22.09.2012,143,37,Roy Phan,Office Supplies,106,Kamal Oconnor
380,23.10.2012,147,37,Patrick Ryan,Office Supplies,109,Carla Williamson
5977,17.07.2012,205,37,Dennis Pardue,Technology,168,Kermit Walsh
8333,16.07.2012,95,38,Henry Goldwyn,Office Supplies,57,Medge Ballard
3442,11.12.2012,153,38,Luke Weiss,Furniture,115,Yvette Sargent
753,20.07.2012,89,38,Bobby Elias,Office Supplies,50,Nicole Mccullough
4800,07.02.2012,300,39,Tony Sayre,Office Supplies,261,Arden Griffith
6321,19.11.2012,302,39,Duane Benoit,Technology,263,Nora Pratt
571,25.04.2012,124,39,Stephanie Phelps,Furniture,85,Burton Cherry
8285,29.02.2012,252,39,Corey Catlett,Office Supplies,212,Hyacinth Miranda
5617,20.09.2012,95,40,Sally Knutson,Office Supplies,55,Jamal Sims
4364,16.02.2012,102,41,Nick Crebassa,Office Supplies,61,Kelly Rivera
689,05.01.2012,89,41,Max Engle,Office Supplies,48,Price Martin
2453,25.10.2012,239,41,Ricardo Emerson,Furniture,198,Nicole Mccullough
3246,16.01.2012,255,41,Pierre Wener,Office Supplies,214,Wyatt Conner
330,21.10.2012,278,42,Grant Carroll,Office Supplies,236,Nola Kline
308,13.09.2012,114,42,Todd Boyes,Office Supplies,72,Hamish Guzman
4657,13.02.2012,402,42,Dennis Pardue,Office Supplies,361,Alea Sweeney
5127,28.03.2012,71,42,Sean Braxton,Furniture,30,Ginger Haley
3292,11.12.2012,105,42,Adam Hart,Office Supplies,63,Alexandra Christian
5791,21.11.2012,308,42,Carl Jackson,Technology,266,Zachary Wells
4283,30.10.2012,200,42,Carlos Soltero,Office Supplies,157,Sierra Lane
2946,09.12.2012,111,43,Bobby Trafton,Office Supplies,68,Wyatt Conner
4801,21.08.2012,137,43,Theresa Swint,Office Supplies,94,Theodore Spence
4199,08.06.2012,116,43,Lisa DeCherney,Office Supplies,72,Curran Lewis
6726,11.01.2012,173,44,Tamara Willingham,Office Supplies,128,Ezra Woodward
1696,18.12.2012,118,45,Joni Blumstein,Office Supplies,73,Paki Livingston
5734,21.01.2012,111,45,Nora Pelletier,Office Supplies,66,Olivia Bowers
5465,16.12.2012,260,45,Nora Price,Office Supplies,214,Yvonne Wilkins
8134,16.05.2012,203,46,Darren Budd,Furniture,157,Olivia Bowers
7601,15.02.2012,115,46,Toby Knight,Office Supplies,69,Theodore Spence
3374,17.04.2012,200,46,Erin Mull,Office Supplies,153,Aidan Bradford
7377,28.08.2012,140,47,Katherine Ducich,Office Supplies,93,Kermit Walsh
50,01.10.2012,245,47,Barry French,Office Supplies,198,Dean Mejia
4348,24.10.2012,404,48,Jack O'Briant,Technology,356,Francesca Ayers
2411,12.06.2012,400,48,Lela Donovan,Office Supplies,352,Marvin Thompson
4535,01.11.2012,192,49,Ken Lonsdale,Office Supplies,144,Riley Finley
7863,25.10.2012,339,49,Michelle Arnett,Office Supplies,291,Cameron Nixon
1996,14.06.2012,264,49,MaryBeth Skach,Office Supplies,215,Paki Livingston
4222,05.10.2012,123,49,Ryan Crowe,Office Supplies,74,James Shepard
785,05.01.2012,121,49,Gary Hansen,Furniture,71,Hyacinth Miranda
7153,18.01.2012,156,50,Linda Southworth,Office Supplies,106,Nicole Mccullough
4339,22.09.2012,126,50,Roy Phan,Office Supplies,76,Wyoming Martinez
3467,05.03.2012,364,51,Joni Wasserman,Technology,313,Flynn Carney
7547,10.12.2012,173,51,Rick Wilson,Office Supplies,121,Jolie Hardy
177,14.02.2012,115,53,Thea Hendricks,Office Supplies,62,Kermit Walsh
599,02.07.2012,128,54,Bill Eplett,Office Supplies,75,Curran Lewis
2989,25.04.2012,235,54,Don Weiss,Furniture,181,Price Martin
1868,05.01.2012,154,55,Pete Armstrong,Office Supplies,100,Abdul Sullivan
1061,20.05.2012,178,56,Darren Budd,Furniture,122,Katelyn Brady
7505,15.03.2012,238,56,Dan Campbell,Office Supplies,182,Whilemina Sloan
7453,10.03.2012,187,56,Bryan Davis,Office Supplies,130,Nicole Mccullough
6275,13.04.2012,314,57,Thais Sissman,Office Supplies,257,Ciara Gilliam
4263,21.05.2012,130,57,Brian DeCherney,Office Supplies,73,Cameron Nixon
1912,23.05.2012,116,58,Art Foster,Office Supplies,59,Evan Munoz
7525,01.06.2012,136,58,Ivan Liston,Office Supplies,78,Bertha Wagner
8076,17.05.2012,130,59,Rachel Payne,Office Supplies,72,Stacy Melendez
2860,19.05.2012,135,59,Darren Koutras,Office Supplies,76,Calista Britt
8237,12.08.2012,162,60,Maya Herman,Office Supplies,102,Kamal Oconnor
1306,13.06.2012,146,60,Emily Grady,Office Supplies,86,Kellie Cervantes
3974,29.06.2012,293,60,Maureen Gastineau,Office Supplies,233,Aidan Bradford
1014,15.12.2012,182,61,Ricardo Emerson,Office Supplies,122,Gemma Monroe
2238,28.07.2012,151,61,Kristina Nunn,Office Supplies,91,Angelica Wiley
2338,15.01.2012,216,61,Quincy Jones,Office Supplies,155,Angelica Wiley
6496,24.01.2012,173,62,Maria Bertelson,Office Supplies,111,Paki Livingston
6218,11.01.2012,250,62,Alan Haines,Office Supplies,188,Raya Andrews
5731,17.02.2012,157,63,Art Foster,Office Supplies,95,Holly Rice
5649,25.09.2012,139,63,Sheri Gordon,Office Supplies,76,Kendall Gilbert
4408,15.11.2012,225,64,Lena Creighton,Office Supplies,161,Hamish Guzman
225,27.08.2012,293,64,Maribeth Schnelling,Technology,229,Bertha Wagner
2504,01.04.2012,197,65,Roy Collins,Office Supplies,132,Logan Le
7191,11.11.2012,356,66,Tom Prescott,Office Supplies,291,Zachary Wells
4365,16.02.2012,187,66,Nick Crebassa,Furniture,121,Yvonne Wilkins
2251,26.10.2012,219,67,Katherine Hughes,Office Supplies,151,Ila Hunt
2801,13.03.2012,194,69,Dennis Bolton,Furniture,125,Theodore Spence
3095,23.04.2012,177,69,Speros Goranitis,Office Supplies,108,Oren Day
4423,11.11.2012,378,70,Alan Hwang,Technology,308,Alfonso Carrillo
6527,21.02.2012,271,71,Matt Hagelstein,Furniture,200,Ginger Haley
2134,09.04.2012,341,72,Lena Creighton,Office Supplies,270,Olivia Bowers
5370,29.08.2012,154,72,Sibella Parks,Office Supplies,82,Deborah Kent
3042,05.04.2012,169,72,Sonia Sunley,Office Supplies,97,Yvette Sargent
6492,12.09.2012,322,72,Grant Donatelli,Office Supplies,250,Alexandra Christian
2209,06.11.2012,311,74,Monica Federle,Technology,237,Shannon Guthrie
7376,28.08.2012,367,74,Katherine Ducich,Technology,293,Stacy Melendez
3465,17.03.2012,193,75,Stuart Van,Office Supplies,118,Yvonne Wilkins
4605,09.09.2012,175,75,Lycoris Saunders,Office Supplies,100,Whilemina Sloan
6070,09.10.2012,233,75,Bryan Spruell,Office Supplies,158,Deborah Kent
2680,25.12.2012,279,75,Darren Powers,Technology,204,Carla Williamson
6050,08.01.2012,163,76,Kristen Hastings,Office Supplies,87,Dean Mejia
7080,14.08.2012,267,76,Richard Bierner,Office Supplies,191,Carla Williamson
3577,24.04.2012,287,77,Jim Kriz,Office Supplies,210,Kermit Walsh
2210,06.11.2012,216,77,Monica Federle,Furniture,138,Karleigh Patel
1551,17.03.2012,340,80,Barry Weirich,Office Supplies,260,Ila Hunt
2546,28.03.2012,206,80,Brian Derr,Office Supplies,126,Wyatt Conner
4320,07.05.2012,336,80,Tom Stivers,Office Supplies,256,Moses Roman
936,06.05.2012,181,80,Nathan Mautz,Furniture,101,Devin Ayala
469,10.04.2012,137,80,Alan Haines,Furniture,56,Finn Marquez
859,01.10.2012,191,83,Mitch Gastineau,Office Supplies,108,Willa Hopkins
6071,09.10.2012,246,83,Bryan Spruell,Office Supplies,162,Burton Cherry
8074,11.11.2012,187,86,Grant Carroll,Office Supplies,101,Aidan Bradford
648,12.09.2012,295,86,Roy Skaria,Furniture,208,Francesca Ayers
4006,22.01.2012,377,88,Alex Avila,Office Supplies,289,Kellie Cervantes
7177,10.12.2012,233,89,Nat Carroll,Office Supplies,144,Kermit Walsh
6210,04.10.2012,332,90,Dan Campbell,Furniture,242,Karleigh Patel
8126,19.08.2012,266,91,Raymond Fair,Office Supplies,175,Ezra Woodward
1152,23.02.2012,289,96,Olvera Toch,Office Supplies,193,Vaughan Doyle
2979,08.05.2012,372,98,Alyssa Crouse,Technology,274,Rhea Tyson
7433,25.04.2012,343,99,Eugene Hildebrand,Office Supplies,244,Medge Ballard
2515,10.01.2012,323,102,Helen Andreada,Furniture,221,Oliver Barry
7714,18.10.2012,317,105,Anthony Witt,Office Supplies,212,Gemma Monroe
5648,25.09.2012,225,108,Sheri Gordon,Office Supplies,116,Francesca Ayers
6796,16.11.2012,341,109,Joel Eaton,Technology,232,Paki Livingston
7995,03.09.2012,272,109,Christopher Conant,Office Supplies,163,Oren Day
1561,26.05.2012,233,112,Harold Engle,Office Supplies,121,Katelyn Brady
4697,19.10.2012,269,114,Duane Huffman,Office Supplies,156,Ella Valentine
583,23.03.2012,316,118,Bobby Odegard,Furniture,198,Sierra Lane
1527,13.05.2012,251,119,Fred McMath,Office Supplies,132,Ginger Haley
3667,12.06.2012,378,122,Alan Schoenberger,Office Supplies,256,Flynn Carney
2598,22.05.2012,320,123,Matthew Clasen,Office Supplies,197,Magee Padilla
7796,10.11.2012,324,136,Roy Skaria,Furniture,187,Paki Livingston
985,04.01.2012,172,143,Steve Chapman,Furniture,29,Hyacinth Miranda
3785,28.03.2012,337,147,Tom Boeckenhauer,Office Supplies,190,Hyacinth Miranda
8253,26.05.2012,278,149,Andrew Roberts,Furniture,129,Nicole Mccullough
7793,03.05.2012,365,149,Brad Norvell,Office Supplies,215,Callum Church
7871,17.09.2012,377,151,Shirley Daniels,Office Supplies,226,Burton Cherry
5024,27.03.2012,325,154,Karen Carlisle,Furniture,171,Claire Davidson
6108,01.09.2012,344,155,Sarah Brown,Office Supplies,189,Hamish Guzman
6781,09.04.2012,371,161,Victoria Pisteka,Office Supplies,210,Britanney Castaneda
3824,06.05.2012,401,162,Christina Anderson,Furniture,239,Claire Davidson
6591,30.06.2012,294,182,Joy Bell,Furniture,112,Zachary Wells
7167,14.09.2012,394,352,Sean O'Donnell,Furniture,42,Flynn Carney
